resnum,NeighborCount,NeighborVector
112,5.51014,0.589904
113,7.01851,0.518314
114,10.0301,0.217302
115,6.26146,0.455067
116,5.62658,0.569446
117,4.40235,0.689199
118,7.41904,0.382466
119,4.7073,0.711983
120,5.66926,0.63887
121,10.4319,0.115799
122,7.97376,0.442482
123,7.00967,0.529124
124,10.6981,0.259785
125,9.45947,0.382537
126,6.91968,0.532586
127,8.48635,0.41946
128,10.0273,0.262487
129,5.89269,0.611743
130,7.16633,0.374437
131,4.67615,0.699511
132,5.47694,0.624069
133,8.91184,0.214141
134,7.85071,0.417819
135,7.20771,0.447439
136,7.35832,0.453732
137,9.45463,0.215436
138,9.48551,0.172875
139,7.03602,0.479461
140,9.79505,0.17807
141,11.0466,0.114107
142,8.17488,0.42594
143,7.82176,0.43271
144,10.6968,0.160773
145,9.92161,0.233642
146,6.41016,0.524214
147,8.89708,0.184707
148,9.97414,0.1572
149,7.96192,0.343207
150,7.4482,0.344156
151,7.76176,0.353286
152,7.16925,0.243324
153,4.71447,0.573631
154,4.84406,0.54025
155,4.27818,0.556778
156,4.38712,0.506276
157,6.36177,0.344784
158,5.46828,0.534416
159,5.21411,0.648002
160,7.60117,0.337257
161,8.88907,0.310053
162,7.37362,0.42713
163,7.20852,0.473258
164,10.5099,0.106867
165,10.6614,0.113879
166,6.81556,0.505737
167,8.87176,0.302246
168,11.3974,0.116308
169,8.32084,0.43073
170,6.93117,0.500058
171,10.067,0.193117
172,9.86509,0.19527
173,7.11413,0.480849
174,10.3892,0.196139
175,10.2047,0.237973
176,9.95405,0.280502
177,10.083,0.323946
178,10.6905,0.230016
179,9.1436,0.3863
180,10.7775,0.137145
181,7.68935,0.531978
182,5.8611,0.661226
183,7.57287,0.546861
184,10.3929,0.252864
185,8.94632,0.413062
186,6.71263,0.526732
187,7.66363,0.452012
188,11.1757,0.0847196
189,7.6803,0.467178
190,6.00921,0.586564
191,7.0014,0.485313
192,5.0121,0.685284
193,6.60325,0.447261
194,9.44227,0.299345
195,8.98208,0.347207
196,9.67296,0.192239
197,10.265,0.24233
198,10.0911,0.212548
199,7.96387,0.408231
200,11.3114,0.0449789
201,11.5416,0.0617304
202,7.41726,0.468569
203,10.4821,0.242839
204,11.6554,0.136969
205,8.56607,0.40976
206,7.48245,0.447584
207,9.40602,0.268676
208,7.15189,0.36126
209,5.37815,0.466426
210,3.87016,0.642329
211,4.70395,0.459635
212,4.68596,0.519555
213,3.42244,0.583737
214,3.95312,0.502693
215,5.0198,0.431808
216,7.02494,0.429806
217,6.91982,0.459377
218,9.90042,0.171893
219,8.45748,0.410521
220,10.0215,0.179065
221,9.23208,0.338093
222,10.9123,0.215257
223,11.5847,0.0704823
224,9.14798,0.292231
225,11.2029,0.12285
226,11.6904,0.0460434
227,8.97508,0.318964
228,9.70113,0.209846
229,10.2934,0.184919
230,10.0287,0.160405
231,6.76912,0.427563
232,6.49816,0.392502
233,10.2192,0.211717
234,5.42744,0.616732
235,7.54507,0.428808
236,8.8952,0.322295
237,7.15885,0.517899
238,10.4534,0.209611
239,12.8397,0.0662264
240,9.4799,0.304748
241,9.21673,0.37579
242,13.6447,0.0784718
243,10.9664,0.265144
244,7.32147,0.508068
245,10.1897,0.354593
246,13.9983,0.10196
247,8.56404,0.408014
248,6.13769,0.549539
249,9.47563,0.342094
250,10.9684,0.128231
251,6.47908,0.51616
252,9.54283,0.221452
253,11.3356,0.0754393
254,7.7082,0.432671
255,7.77777,0.469448
256,10.5351,0.196515
257,9.9268,0.205332
258,6.86801,0.485092
259,7.99678,0.319373
260,9.75691,0.26215
261,11.3161,0.165561
262,9.40965,0.332823
263,9.87912,0.215292
264,12.2569,0.15885
265,13.4716,0.119106
266,12.8698,0.120268
267,11.4323,0.214403
268,13.1844,0.163039
269,13.9189,0.145786
270,10.571,0.227776
271,10.0357,0.252735
272,12.3272,0.125893
273,10.4526,0.353362
274,10.0423,0.270198
275,11.1308,0.303206
276,13.8009,0.0689164
277,11.8568,0.127178
278,13.106,0.14458
279,12.0409,0.128363
280,11.4029,0.22179
281,9.84161,0.217491
282,7.5457,0.310916
283,5.02222,0.51368
284,4.21082,0.497266
285,3.91396,0.457791
286,3.42518,0.521614
287,3.40873,0.474353
288,2.55549,0.675066
289,1.76988,0.874942
317,3.5444,0.584914
318,2.45959,0.736216
319,5.05105,0.307879
320,8.09059,0.185677
321,4.5204,0.509691
322,3.83302,0.517368
323,7.30555,0.302146
324,6.72141,0.503086
325,13.0229,0.190704
326,13.0272,0.139982
327,13.7881,0.117916
328,7.65301,0.588579
329,8.28629,0.511814
330,4.6647,0.747746
331,7.79804,0.419773
332,12.9281,0.146413
333,12.3865,0.26548
334,8.29541,0.527881
335,8.85321,0.356135
336,5.66511,0.588776
337,3.12487,0.780606
338,5.43512,0.472128
339,9.20994,0.131672
340,7.11494,0.509354
341,10.5025,0.334856
342,8.05908,0.442027
343,7.49788,0.447851
344,9.29007,0.199848
345,5.36781,0.496662
346,6.16069,0.381352
347,11.1272,0.140515
348,9.75196,0.278471
349,7.73221,0.393685
350,8.40453,0.236937
351,7.34053,0.42898
352,9.68557,0.218503
353,11.555,0.141643
354,13.1086,0.0879118
355,14.0391,0.0937687
356,11.7288,0.238824
357,8.44312,0.40489
358,10.0319,0.333864
359,6.2115,0.606698
360,10.7377,0.259212
361,14.266,0.0416709
362,10.5323,0.366847
363,9.6477,0.27212
364,12.3227,0.159129
365,13.4519,0.0709478
366,9.85736,0.309495
367,11.5809,0.122984
368,12.9926,0.110497
369,11.9942,0.194416
370,10.4409,0.177631
371,10.5181,0.237215
372,11.0592,0.0808899
373,9.70688,0.246883
374,12.7038,0.0295556
375,10.422,0.166541
376,8.80942,0.339477
377,11.3857,0.125918
378,11.8585,0.0881545
379,10.7056,0.177183
380,11.4348,0.148259
381,12.9451,0.146027
382,13.6708,0.13576
383,13.1207,0.188215
384,14.3315,0.0928879
385,12.0416,0.243268
386,11.341,0.204594
387,10.6376,0.185208
388,6.99663,0.548266
389,10.8301,0.149319
390,9.79979,0.206808
391,5.98975,0.559222
392,10.1224,0.138432
393,11.417,0.0808244
394,8.55628,0.345002
395,8.49538,0.407862
396,12.5119,0.100892
397,12.1002,0.160165
398,9.36384,0.245654
399,7.50851,0.503978
400,12.1788,0.162015
401,11.736,0.149449
402,11.0031,0.140446
403,10.402,0.227522
404,11.0615,0.104863
405,10.0521,0.274188
406,12.0251,0.115158
407,12.1029,0.137049
408,11.928,0.14798
409,12.6121,0.155081
410,13.1059,0.066007
411,12.5207,0.159059
412,14.7624,0.0468946
413,13.0252,0.180674
414,10.9869,0.231212
415,12.8312,0.176412
416,13.9017,0.102057
417,9.25066,0.373499
418,8.55617,0.426269
419,11.6238,0.124827
420,8.29031,0.381302
421,4.88408,0.675766
422,5.15019,0.65332
423,5.52657,0.580588
710,7.53971,0.482787
711,6.2789,0.585183
712,4.99947,0.682625
713,7.88258,0.423293
714,9.31598,0.318131
715,5.35792,0.633394
716,6.76256,0.364829
717,4.09156,0.730232
718,5.73519,0.550414
719,9.18824,0.142117
720,7.52738,0.43707
721,7.10093,0.44158
722,7.35232,0.458782
723,9.8177,0.195524
724,8.86765,0.263841
725,6.7441,0.507382
726,9.80024,0.202805
727,11.3372,0.0856277
728,7.51701,0.46717
729,7.91421,0.452864
730,11.6384,0.0945762
731,10.1863,0.213468
732,6.76529,0.50193
733,10.2426,0.0994111
734,11.1525,0.114358
735,8.52839,0.297255
736,8.27683,0.286611
737,9.77175,0.226112
738,8.67306,0.287191
739,9.04223,0.26514
740,4.95014,0.596746
741,7.22959,0.38394
742,6.37236,0.491865
743,4.89877,0.711612
744,5.25595,0.6607
745,8.82867,0.278629
746,7.54774,0.435509
747,6.64715,0.526273
748,7.78699,0.447066
749,9.80877,0.170904
750,7.12194,0.464954
751,6.73345,0.498423
752,9.68518,0.223558
753,9.79297,0.275743
754,7.1529,0.459613
755,7.16383,0.499394
756,10.9552,0.0641616
757,10.763,0.123718
758,7.58707,0.465216
759,8.83967,0.321003
760,12.0633,0.121298
761,9.27189,0.351681
762,7.00003,0.494836
763,10.0268,0.17454
764,10.8587,0.078983
765,7.32572,0.471502
766,9.0767,0.324384
767,11.0859,0.227519
768,9.4482,0.328935
769,6.71449,0.598181
770,9.50014,0.224849
771,9.71222,0.260873
772,6.30196,0.566555
773,6.13385,0.592879
774,4.55537,0.727461
775,6.39058,0.547765
776,10.7044,0.0435698
777,7.58181,0.461763
778,5.33823,0.626234
779,6.93776,0.475703
780,5.3135,0.684321
781,7.22066,0.355149
782,10.4571,0.163541
783,7.9006,0.446209
784,9.08751,0.295305
785,10.8628,0.186955
786,9.43972,0.3052
787,7.81231,0.429815
788,11.7585,0.0974192
789,11.0843,0.123996
790,7.15593,0.511221
791,9.91779,0.259628
792,12.1176,0.103231
793,7.94011,0.454906
794,8.01845,0.464276
795,11.1374,0.140576
796,8.52175,0.317528
797,6.93896,0.473447
798,9.44497,0.200322
799,6.98959,0.486902
800,4.76808,0.637898
801,4.75613,0.592296
802,3.78845,0.677818
803,4.80957,0.42366
804,4.87149,0.495787
805,5.40417,0.505065
806,5.40185,0.565718
807,9.78626,0.213042
808,8.2496,0.348281
809,8.34741,0.292541
810,9.53699,0.255581
811,10.5009,0.186015
812,9.9569,0.130794
813,8.92744,0.292926
814,11.1638,0.0857869
815,10.6261,0.0926031
816,8.09885,0.356314
817,10.6062,0.125195
818,10.082,0.188099
819,9.7879,0.222694
820,8.03332,0.353818
821,8.11779,0.2915
822,8.69376,0.362435
823,4.83702,0.715511
824,8.40061,0.320538
825,10.9115,0.115888
826,8.19351,0.45489
827,7.28185,0.465204
828,9.80628,0.257521
829,8.4865,0.315882
830,6.86261,0.493001
831,8.91326,0.207904
832,8.23944,0.37388
833,6.38891,0.505894
834,6.46048,0.577194
835,10.1828,0.0521321
836,6.44112,0.522008
837,7.58904,0.433122
838,10.2413,0.260021
839,10.2611,0.25112
840,8.54568,0.417113
841,12.2293,0.0423126
842,12.1544,0.0787052
843,8.9264,0.318665
844,9.37609,0.353666
845,11.9188,0.122905
846,11.0555,0.144983
847,7.58408,0.45788
848,10.6022,0.083151
849,10.9391,0.222196
850,11.9452,0.164057
851,10.6231,0.270592
852,10.87,0.198136
853,12.712,0.17513
854,13.2857,0.118904
855,12.4928,0.143386
856,11.3856,0.243441
857,13.2832,0.142614
858,12.6849,0.202504
859,10.7529,0.240021
860,10.5076,0.225304
861,12.1442,0.0549457
862,9.91207,0.270263
863,6.06233,0.528546
864,9.68285,0.233115
865,11.5726,0.0864223
866,6.4541,0.530191
867,5.5038,0.598535
868,7.06991,0.363309
869,6.34531,0.388675
870,4.40197,0.604337
871,7.97508,0.151084
872,4.01445,0.527674
873,3.00393,0.787055
874,5.65815,0.384632
875,4.76598,0.55344
876,7.50808,0.307827
877,8.27727,0.241351
878,6.46903,0.265606
879,9.888,0.155656
880,10.2407,0.0947985
881,13.1008,0.0800488
882,8.46535,0.373864
883,8.11366,0.351455
884,10.1107,0.222616
885,8.92594,0.242678
886,11.5458,0.220375
887,13.7351,0.0407292
888,11.2469,0.303904
889,10.8278,0.214154
890,13.1699,0.131616
891,13.7793,0.0377901
892,10.6581,0.253785
893,11.2314,0.188407
894,13.7516,0.035416
895,12.0942,0.202599
896,9.68293,0.148326
897,9.33349,0.301638
898,10.4393,0.202641
899,12.8072,0.07981
900,11.092,0.131803
901,8.67131,0.385245
902,12.1285,0.127115
903,12.1671,0.135477
904,10.5044,0.144549
905,10.5807,0.201725
906,13.1058,0.13545
907,11.6605,0.200881
908,9.2498,0.325907
909,10.6041,0.161809
910,10.76,0.228176
911,6.08851,0.629482
912,7.01446,0.53473
913,5.84523,0.627393
914,8.74609,0.404572
915,12.717,0.0624681
916,9.19253,0.37209
917,6.16433,0.550542
918,10.7228,0.195358
919,12.5277,0.0220099
920,8.39011,0.388426
921,7.84208,0.438496
922,13.1717,0.095905
923,11.624,0.203128
924,8.56589,0.362931
925,9.51422,0.353339
926,12.9754,0.0687579
927,11.2234,0.213521
928,10.789,0.202876
929,12.2773,0.12382
930,12.4384,0.0718028
931,10.4725,0.22045
932,12.4963,0.175502
933,13.7151,0.105537
934,11.4468,0.126936
935,12.1952,0.174136
936,13.2943,0.0808349
937,12.2501,0.0759203
938,11.752,0.121167
939,11.1963,0.207219
940,9.12891,0.288526
941,9.4902,0.176543
942,9.18882,0.226668
943,5.3674,0.49291
944,2.90537,0.659623
1206,3.35483,0.805862
1207,4.93572,0.59035
1208,5.20956,0.639202
1209,6.0959,0.566368
1210,6.83649,0.442035
1211,8.87758,0.280523
1212,9.27587,0.211263
1213,7.17625,0.477493
1214,8.82269,0.286403
1215,11.3134,0.127215
1216,8.36736,0.432115
1217,7.36246,0.466266
1218,10.9574,0.109319
1219,11.2171,0.114609
1220,6.99189,0.485284
1221,9.33431,0.246414
1222,11.4388,0.0885567
1223,8.71367,0.277077
1224,7.40175,0.404616
1225,9.84968,0.142584
1226,10.5706,0.173315
1227,8.14623,0.29894
1228,6.91445,0.342811
1229,7.84224,0.289804
1230,5.10747,0.602597
1231,4.8041,0.541247
1232,4.30328,0.638017
1233,5.82933,0.554457
1234,5.56197,0.563472
1235,9.49329,0.257438
1236,8.12269,0.326116
1237,6.4626,0.535698
1238,7.55647,0.437797
1239,10.3298,0.155414
1240,7.17713,0.475075
1241,7.14271,0.460776
1242,10.1181,0.15221
1243,9.93295,0.205745
1244,7.75754,0.428894
1245,7.27718,0.471659
1246,10.8201,0.109221
1247,11.2732,0.120957
1248,7.0491,0.524056
1249,8.77807,0.310874
1250,11.706,0.124372
1251,8.62325,0.424017
1252,6.8849,0.504757
1253,9.44254,0.268353
1254,9.74943,0.239392
1255,6.49726,0.527524
1256,7.18492,0.441125
1257,9.44254,0.255696
1258,8.44214,0.374233
1259,5.51968,0.633682
1260,5.06967,0.648285
1261,7.83568,0.40844
1262,6.82037,0.508366
1263,6.0379,0.578393
1264,4.64847,0.707954
1265,6.95409,0.514637
1266,10.8381,0.0759726
1267,6.96986,0.527674
1268,5.43724,0.639117
1269,7.72871,0.400325
1270,5.04211,0.643256
1271,7.62024,0.298257
1272,10.2597,0.159171
1273,8.09395,0.414394
1274,9.7006,0.2346
1275,10.8741,0.192459
1276,9.03856,0.308204
1277,7.73346,0.454829
1278,11.7612,0.0741255
1279,11.1221,0.155722
1280,7.22379,0.519779
1281,10.5477,0.21385
1282,12.7186,0.0511437
1283,8.4981,0.431089
1284,8.20757,0.433268
1285,10.8158,0.173075
1286,8.7092,0.34458
1287,6.1709,0.530468
1288,8.3472,0.137278
1289,5.86773,0.500557
1290,4.20877,0.66115
1291,7.04593,0.191249
1292,5.27209,0.471699
1293,3.63486,0.773283
1294,3.91251,0.725865
1295,6.22568,0.324705
1296,4.21881,0.629148
1297,5.08829,0.492712
1298,4.11924,0.465138
1299,7.17942,0.195579
1300,4.90933,0.501666
1301,8.38915,0.225732
1302,8.63689,0.307117
1303,10.501,0.184337
1304,10.2258,0.141617
1305,9.51034,0.271893
1306,11.8666,0.0973281
1307,11.8056,0.0363256
1308,8.96594,0.317281
1309,11.1581,0.135189
1310,10.7758,0.136878
1311,9.03713,0.314014
1312,9.10519,0.243625
1313,9.57709,0.177108
1314,10.6569,0.154898
1315,9.69865,0.242035
1316,6.84999,0.514659
1317,8.4239,0.440628
1318,4.92196,0.717459
1319,9.53771,0.302821
1320,12.2263,0.0621993
1321,8.28271,0.489222
1322,10.8223,0.193876
1323,13.2704,0.0947513
1324,10.192,0.220598
1325,9.00762,0.397528
1326,12.7246,0.0362043
1327,10.3221,0.254603
1328,6.52746,0.486247
1329,8.41112,0.416879
1330,12.1487,0.0510827
1331,7.28208,0.448102
1332,5.75201,0.605812
1333,8.56403,0.385922
1334,10.9371,0.153204
1335,6.63901,0.507543
1336,8.0444,0.35007
1337,11.0499,0.0783738
1338,8.1005,0.374966
1339,8.258,0.387804
1340,10.7435,0.151378
1341,10.2904,0.203012
1342,7.25446,0.457848
1343,9.67447,0.188547
1344,10.0333,0.245336
1345,11.4995,0.140532
1346,10.2876,0.250896
1347,9.6626,0.228177
1348,11.5924,0.138786
1349,13.3667,0.0926062
1350,12.6397,0.102057
1351,10.4586,0.251096
1352,12.5781,0.17024
1353,13.3855,0.155172
1354,9.08202,0.305403
1355,8.77056,0.395598
1356,12.12,0.199838
1357,12.9444,0.171393
1358,9.30233,0.252153
1359,12.2041,0.126321
1360,12.4363,0.0629328
1361,10.2375,0.255335
1362,10.5294,0.148268
1363,11.3542,0.0999141
1364,9.44697,0.201224
1365,7.62498,0.361412
1366,5.12146,0.560112
1367,3.12382,0.787719
1378,4.29819,0.729799
1379,5.7116,0.539512
1380,8.20335,0.402834
1381,7.83301,0.347435
1382,5.44394,0.623096
1383,6.73747,0.439553
1384,4.72595,0.682501
1385,6.05257,0.542225
1386,10.4062,0.107322
1387,8.23907,0.361376
1388,6.97627,0.34266
1389,5.9737,0.427247
1390,5.05898,0.547213
1391,5.73229,0.351889
1392,3.29736,0.671934
1393,5.03564,0.419
1394,7.50683,0.269423
1395,6.87439,0.414176
1396,7.13531,0.412741
1397,7.45109,0.397674
1398,9.6435,0.278979
1399,7.10011,0.245575
1400,11.3477,0.131234
1401,12.4766,0.147119
1402,14.4025,0.098807
1403,11.234,0.315719
1404,9.77781,0.366451
1405,10.666,0.29578
1406,6.58447,0.593881
1407,10.6077,0.348827
1408,14.3284,0.0449595
1409,10.412,0.328696
1410,9.68419,0.278097
1411,13.1118,0.0714556
1412,12.7859,0.0564794
1413,9.96458,0.252736
1414,12.5587,0.104636
1415,12.6205,0.0902605
1416,11.1837,0.164749
1417,10.299,0.160611
1418,9.83245,0.141624
1419,11.2531,0.16814
1420,10.7045,0.220507
1421,11.771,0.170806
1422,8.59798,0.276181
1423,7.76957,0.487402
1424,12.4978,0.0741766
1425,10.4877,0.166403
1426,8.645,0.279532
1427,11.4175,0.179582
1428,12.1483,0.103256
1429,11.097,0.125243
1430,10.916,0.170568
1431,12.3691,0.0951969
1432,8.4739,0.343668
1433,7.63344,0.361404
1434,6.40054,0.408623
1435,5.21462,0.542647
1436,7.7596,0.273213
1437,11.5627,0.0300355
1438,11.7747,0.113623
1439,9.09951,0.27215
1440,6.24251,0.479864
1441,4.85137,0.612412
1442,7.62268,0.430691
1443,7.89825,0.34999
1444,7.95599,0.235698
1445,5.10092,0.618199
1446,8.21501,0.300975
1447,10.2508,0.0997304
1448,6.34476,0.485712
1449,9.31842,0.204759
1450,10.8001,0.0901306
1451,8.24401,0.314825
1452,7.20927,0.493605
1453,11.5726,0.115532
1454,11.3272,0.191377
1455,8.55705,0.332634
1456,8.68771,0.411065
1457,12.7586,0.0736007
1458,10.7962,0.207848
1459,10.1707,0.195201
1460,9.63818,0.304845
1461,10.9271,0.0924374
1462,9.95238,0.234458
1463,10.6547,0.165583
1464,10.8448,0.162477
1465,11.8501,0.127914
1466,11.8658,0.198491
1467,11.7893,0.0855747
1468,11.5529,0.187664
1469,14.1303,0.052135
1470,12.5167,0.188873
1471,9.33122,0.299904
1472,11.848,0.192218
1473,13.0578,0.0919697
1474,8.77155,0.409055
1475,7.86198,0.448818
1476,11.4919,0.0950372
1477,9.76435,0.261897
1478,8.60174,0.196398
1479,6.86189,0.558535
1480,6.99108,0.384394
1481,4.82841,0.59433
1482,8.06964,0.14302
1483,6.67695,0.413098
1484,5.16914,0.5453
1485,4.35278,0.688162
1486,7.48246,0.337828
1487,5.34998,0.599623
1488,6.06291,0.512884
1489,6.13679,0.533957
1490,7.28197,0.436837
1491,7.98734,0.387648
1492,10.2361,0.223629
1493,10.9806,0.076037
1494,8.99622,0.342533
1495,8.30626,0.345735
1496,9.29172,0.331105
1497,11.4396,0.0735114
1498,8.04755,0.376459
1499,6.84511,0.45214
1500,10.192,0.203147
1501,10.0441,0.122614
1502,5.9491,0.559521
1503,4.99212,0.589962
1504,8.37594,0.210259
1505,4.41577,0.582094
1506,9.65863,0.211186
1507,8.04112,0.394149
1508,5.56828,0.535145
1509,8.33768,0.229833
1510,7.50618,0.163687
1511,4.77657,0.493622
1512,7.29806,0.372609
1513,7.38383,0.432671
1514,3.93065,0.676946
1515,4.46819,0.531576
1516,3.78572,0.667791
1517,5.17312,0.587151
1518,9.58773,0.288325
1519,8.57207,0.428779
1520,6.56041,0.552086
1521,11.0672,0.259361
1522,11.4126,0.212919
1523,7.43028,0.533807
1524,9.44832,0.37171
1525,11.3647,0.24633
1526,6.81699,0.552323
1527,7.71738,0.322987
1528,4.7088,0.699724
1529,5.66187,0.603384
1530,9.59853,0.145598
1531,8.07208,0.38521
1532,7.11656,0.447195
1533,6.91147,0.479339
1534,9.97761,0.11565
1535,9.76414,0.124682
1536,6.83453,0.464723
1537,9.65703,0.200998
1538,11.3275,0.0962093
1539,8.02577,0.424457
1540,7.9212,0.420666
1541,11.231,0.125352
1542,10.8077,0.128528
1543,6.90577,0.496231
1544,9.56834,0.128872
1545,10.6661,0.155688
1546,9.06076,0.280414
1547,7.05206,0.397039
1548,9.03329,0.17958
1549,7.88785,0.279233
1550,8.44975,0.255955
1551,4.56892,0.574444
1552,6.84469,0.274974
1553,5.64329,0.521779
1554,4.75235,0.707708
1555,5.46202,0.635861
1556,8.54289,0.23992
1557,7.25611,0.483503
1558,6.62204,0.509413
1559,6.92578,0.502526
1560,9.47175,0.160714
1561,6.94454,0.465348
1562,6.60379,0.502192
1563,8.80751,0.288551
1564,9.2392,0.310541
1565,7.54411,0.414394
1566,7.05966,0.49131
1567,10.6654,0.0709496
1568,10.8031,0.0838693
1569,6.89888,0.525296
1570,8.52375,0.373794
1571,12.0224,0.10336
1572,8.86743,0.383351
1573,7.56736,0.464223
1574,10.9518,0.168773
1575,10.8938,0.167829
1576,7.37475,0.488377
1577,11.117,0.227337
1578,12.0692,0.1867
1579,9.49225,0.398901
1580,9.1122,0.44357
1581,12.9211,0.0958667
1582,11.1197,0.134944
1583,6.96412,0.50962
1584,4.80299,0.703964
1585,8.20248,0.317488
1586,11.0107,0.136783
1587,6.86508,0.54117
1588,5.61322,0.615667
1589,7.53698,0.442119
1590,5.04997,0.690037
1591,8.47583,0.242479
1592,10.8696,0.159246
1593,8.11155,0.414511
1594,10.0951,0.237556
1595,11.8661,0.142984
1596,9.82109,0.284819
1597,8.36024,0.42034
1598,12.0813,0.08737
1599,11.1848,0.10725
1600,7.26127,0.494
1601,10.6378,0.137788
1602,11.4075,0.110815
1603,8.01041,0.39619
1604,8.65846,0.337737
1605,9.58955,0.295536
1606,7.49752,0.365343
1607,4.90764,0.646213
1608,6.49085,0.3899
1609,3.90185,0.678571
1610,6.79183,0.355085
1611,4.97044,0.584099
1612,4.78555,0.622624
1613,6.55093,0.434381
1614,4.58936,0.641701
1615,4.18455,0.717353
1616,8.30648,0.266571
1617,8.48217,0.305758
1618,7.27933,0.324496
1619,5.99025,0.586725
1620,6.35085,0.499074
1621,7.29192,0.48197
1622,10.694,0.158171
1623,9.58294,0.238685
1624,8.72204,0.349759
1625,10.0894,0.226374
1626,11.1145,0.175646
1627,11.2512,0.0794838
1628,8.47482,0.381928
1629,11.3717,0.0816769
1630,10.1716,0.131263
1631,7.28051,0.415093
1632,9.54511,0.163396
1633,8.30085,0.262786
1634,7.09308,0.311122
1635,5.79077,0.536182
1636,6.78851,0.307199
1637,9.25377,0.158078
1638,5.76904,0.486778
1639,4.41262,0.685106
1640,7.27196,0.462962
1641,8.25865,0.44639
1642,7.81197,0.466455
1643,10.7827,0.111998
1644,10.8427,0.179676
1645,11.5444,0.129859
1646,11.819,0.13753
1647,9.51147,0.259337
1648,10.7837,0.230509
1649,12.7205,0.0444083
1650,10.4388,0.289433
1651,6.7743,0.505369
1652,9.13767,0.428118
1653,11.8403,0.0640472
1654,7.14974,0.44256
1655,6.74743,0.532866
1656,11.2278,0.226497
1657,11.7095,0.167889
1658,7.78374,0.485934
1659,12.3834,0.10289
1660,12.7727,0.0649458
1661,9.27879,0.299595
1662,9.51844,0.355541
1663,12.1953,0.149974
1664,11.0972,0.178869
1665,7.61234,0.467238
1666,9.89832,0.128904
1667,10.8132,0.195282
1668,11.601,0.125511
1669,10.4742,0.251864
1670,10.0808,0.245211
1671,11.4544,0.162363
1672,12.8796,0.0791421
1673,12.9018,0.0741496
1674,9.89481,0.324013
1675,12.0102,0.142732
1676,12.9975,0.0897226
1677,9.56871,0.224289
1678,9.33534,0.311316
1679,11.6394,0.0739903
1680,8.75956,0.306192
1681,7.51833,0.338338
1682,11.4145,0.0163218
1683,7.22523,0.359505
1684,8.70922,0.313433
1685,6.41501,0.580212
1686,7.08556,0.543515
1687,10.4814,0.235099
1688,11.6152,0.0363556
1689,8.10899,0.364252
1690,5.4941,0.635823
1691,10.3349,0.158061
1692,11.5382,0.0906159
1693,11.2046,0.135801
1694,12.5781,0.128161
1695,9.35882,0.329376
1696,9.57579,0.302705
1697,10.1028,0.246803
1698,8.01588,0.372725
1699,11.8139,0.14055
1700,13.6046,0.0204521
1701,10.4855,0.301803
1702,11.7625,0.0980022
1703,12.0347,0.13074
1704,11.8961,0.0519043
1705,10.8812,0.151339
1706,12.3134,0.0694572
1707,11.978,0.117688
1708,10.939,0.14607
1709,10.1923,0.160631
1710,9.58086,0.211546
1711,11.4181,0.128055
1712,11.5217,0.104566
1713,12.2417,0.141757
1714,11.3996,0.0827245
1715,10.3126,0.273352
1716,12.144,0.183192
1717,11.5707,0.142754
1718,9.62108,0.272921
1719,11.3893,0.13076
1720,12.0349,0.117458
1721,10.4099,0.220891
1722,8.22205,0.107748
1723,6.58024,0.206377
1724,4.59176,0.643732
1725,5.90765,0.315795
1726,3.11169,0.823151
1727,4.15745,0.617574
1728,6.33909,0.380909
1729,4.01464,0.531777
1730,4.7551,0.474939
1731,6.9204,0.177214
1732,7.87421,0.320864
1733,6.4378,0.396914
1734,4.64285,0.551
1735,4.98811,0.497672
1736,2.93075,0.782594
1737,3.47438,0.702929
1738,7.44407,0.24305
1739,6.13074,0.519545
1740,7.54891,0.324465
1741,7.16407,0.378704
1742,8.29764,0.169676
1743,9.11622,0.182222
1744,10.5623,0.248228
1745,8.33131,0.357259
1746,5.39772,0.670243
1747,9.0547,0.397318
1748,12.1096,0.099609
1749,9.00274,0.349094
1750,6.70827,0.519769
1751,10.9044,0.135521
1752,10.704,0.0999285
1753,7.89467,0.369783
1754,7.28,0.464263
1755,11.1616,0.0885293
1756,10.3894,0.165685
1757,8.52024,0.328027
1758,9.04623,0.358566
1759,12.2103,0.056008
1760,10.572,0.182621
1761,10.304,0.200168
1762,11.5804,0.166411
1763,11.6875,0.0934182
1764,10.7222,0.23156
1765,11.8026,0.170196
1766,13.4089,0.0907566
1767,12.0664,0.133976
1768,12.2333,0.185804
1769,13.6078,0.0485499
1770,13.1512,0.0875717
1771,13.7993,0.0668853
1772,13.1082,0.129514
1773,11.3869,0.172487
1774,11.7321,0.21195
1775,13.2335,0.0916501
1776,9.84961,0.321255
1777,9.24255,0.341019
1778,12.1826,0.0834708
1779,9.77111,0.28599
1780,8.70497,0.289096
1781,11.2256,0.109671
1782,8.52608,0.374938
1783,5.59527,0.554898
1784,7.79246,0.275714
1785,11.0128,0.0776723
1786,11.3822,0.0694958
1787,10.7384,0.0941687
1788,8.68455,0.376335
1789,9.85581,0.190578
1790,11.126,0.127931
1791,10.7371,0.140296
1792,7.79138,0.439528
1793,9.65648,0.274965
1794,11.9187,0.101432
1795,10.2135,0.169205
1796,7.37387,0.492622
1797,10.1784,0.181772
1798,11.975,0.112359
1799,9.81074,0.240514
1800,6.64364,0.55423
1801,9.46265,0.215365
1802,11.3182,0.147934
1803,5.90422,0.538266
1804,5.36419,0.562773
1805,8.37818,0.366381
1806,6.51306,0.451033
1807,7.75052,0.40252
1808,9.2407,0.234228
1809,11.9045,0.0707601
1810,8.04711,0.452361
1811,8.46511,0.369444
1812,5.14818,0.672543
1813,8.54616,0.34673
1814,11.4698,0.132651
1815,9.5425,0.325227
1816,7.57403,0.503329
1817,11.8001,0.0739027
1818,12.2834,0.117337
1819,9.0443,0.375429
1820,8.22148,0.401608
1821,11.1665,0.0554125
1822,7.18374,0.48816
1823,5.23417,0.63383
1824,8.12211,0.337648
1825,11.8216,0.0490564
1826,8.8626,0.267912
1827,10.6948,0.224172
1828,5.80009,0.606686
1829,6.25225,0.538514
1830,4.48845,0.67986
1831,10.3223,0.143334
1832,6.37516,0.544673
1833,5.31575,0.609007
1834,7.57095,0.444936
1835,10.7237,0.15116
1836,5.31181,0.625769
1837,5.19747,0.615786
1838,9.5548,0.157005
1839,5.85921,0.573053
1840,9.65484,0.224853
1841,5.33375,0.603683
1842,7.8772,0.415968
1843,6.56996,0.518352
1844,3.59379,0.742323
1845,4.43208,0.663743
1846,6.92957,0.446251
1847,9.86406,0.224608
1848,12.1732,0.0690124
1849,9.0697,0.35477
1850,11.2101,0.0887301
1851,7.93666,0.390595
1852,10.2785,0.241325
1853,12.0937,0.148682
1854,11.1856,0.0951933
1855,9.34656,0.352677
1856,10.5752,0.105372
1857,11.8807,0.0933444
1858,12.0041,0.060808
1859,8.60863,0.369131
1860,9.95214,0.230833
1861,11.151,0.0698396
1862,9.69299,0.266234
1863,6.95841,0.438202
1864,6.50622,0.532017
1865,7.25101,0.359666
1866,5.87133,0.381476
1867,5.14513,0.439446
1868,5.56028,0.370721
1869,4.59996,0.535132
1870,5.17357,0.376231
1871,3.09639,0.749681
1872,4.84699,0.468151
1873,5.44422,0.460664
1874,6.58349,0.399031
1875,5.03927,0.69959
1876,6.57613,0.429113
1877,7.15335,0.430367
1878,7.41182,0.448502
1879,6.75493,0.489074
1880,6.70764,0.485322
1881,6.71996,0.466516
1882,6.88867,0.416367
1883,6.07944,0.500266
1884,5.57241,0.559404
1885,4.8575,0.640817
1886,4.39798,0.64936
1887,4.14117,0.565809
1888,1.70364,0.910661
